Forecast ;Model;Model ;MCS ;alpha;beta;MZ-test ;RMSE
Horizon;;Rank;p-values;;;p-values;
1;ARIMA;1;1;0.011895;-0.8832;0.00003182;0.04553
;Prophet;2;0.413;0.014802;-0.6761;0.00000532;0.04621
30;ARIMA;1;1;0.1141;-12.9853;0.1075;0.044758
;Prophet;2;0.0016*;0.0144;-0.6516;0.00000148;0.04818
90;ARIMA;1;1;-0.2267;27.0635;0.01294;0.042302
;Prophet;2;0.0336*;-0.009291;0.6438;0.000764;0.045061
